,Model,Train_Loss,Train_PSNR,Train_SSIM,Val_Loss,Val_PSNR,Val_SSIM
0,RDN SSIM,0.5057445764541626,11.587377548217773,0.4942554533481598,0.4752698242664337,11.903334617614746,0.5247301459312439
1,RDN SSIM,0.4357186257839203,13.33470344543457,0.5642815232276917,0.3878672420978546,17.030723571777344,0.612132728099823
2,RDN SSIM,0.3408787250518799,18.743471145629883,0.659121036529541,0.33100029826164246,18.92481231689453,0.6689997315406799
3,RDN SSIM,0.3157220184803009,19.389257431030273,0.6842779517173767,0.3176165819168091,19.925983428955078,0.6823834180831909
4,RDN SSIM,0.3070836663246155,19.551483154296875,0.6929162740707397,0.3099939227104187,20.11309242248535,0.6900059580802917
